detector,descriptor,frame_index,track_id,keypoint_count,match_count,filtered_match_count,num_pairs,ttc_camera
HARRIS,BRIEF,1,1,851,28,28,2,nan
HARRIS,ORB,1,1,851,28,28,2,nan
HARRIS,FREAK,1,1,855,26,24,2,nan
HARRIS,AKAZE,1,1,882,28,28,1,nan
HARRIS,SIFT,1,1,882,28,28,2,nan
FAST,BRIEF,1,1,960,53,52,270,15.8534
FAST,ORB,1,1,955,53,52,250,13.3960
FAST,FREAK,1,1,965,43,41,193,12.8113
FAST,AKAZE,1,1,1022,56,56,319,32.4650
FAST,SIFT,1,1,1022,57,56,327,26.0083
BRISK,BRIEF,1,1,2973,154,153,1627,19.5887
BRISK,ORB,1,1,2958,129,128,1169,23.3826
BRISK,FREAK,1,1,2467,128,127,1175,16.3871
BRISK,AKAZE,1,1,3000,121,104,708,28.3382
BRISK,SIFT,1,1,3000,146,141,1471,14.7088
ORB,BRIEF,1,1,500,43,43,338,14.7511
ORB,ORB,1,1,500,43,42,315,24.4086
ORB,FREAK,1,1,156,21,21,52,12.6861
ORB,AKAZE,1,1,500,29,27,130,9.7838
ORB,SIFT,1,1,500,42,40,271,17.5984
AKAZE,BRIEF,1,1,1541,94,94,805,14.0895
AKAZE,ORB,1,1,1539,91,90,758,13.0076
AKAZE,FREAK,1,1,1541,87,86,740,13.2829
AKAZE,AKAZE,1,1,1541,88,88,708,12.6395
AKAZE,SIFT,1,1,1541,93,93,803,12.4678
SIFT,BRIEF,1,1,1700,100,96,566,12.7740
SIFT,ORB,1,1,1680,82,81,472,13.2146
SIFT,FREAK,1,1,1709,86,85,477,13.1153
SIFT,AKAZE,1,1,1915,41,38,166,13.5558
SIFT,SIFT,1,1,1915,86,84,506,12.9741
SHITOMASI,BRIEF,1,1,1564,79,79,378,13.2633
SHITOMASI,ORB,1,1,1548,77,77,343,12.9430
SHITOMASI,FREAK,1,1,1586,65,64,270,12.9787
SHITOMASI,AKAZE,1,1,1759,79,79,378,13.0336
SHITOMASI,SIFT,1,1,1759,77,76,343,12.9494
HARRIS,BRIEF,2,1,340,63,63,62,94.0349
HARRIS,ORB,2,1,331,62,62,46,nan
HARRIS,FREAK,2,1,340,56,50,43,80.7525
HARRIS,AKAZE,2,1,342,65,65,63,84.9148
HARRIS,SIFT,2,1,342,65,65,69,nan
FAST,BRIEF,2,1,960,53,53,294,12.1425
FAST,ORB,2,1,951,53,53,294,11.7712
FAST,FREAK,2,1,967,40,38,154,12.9766
FAST,AKAZE,2,1,1019,54,54,307,12.5319
FAST,SIFT,2,1,1019,54,54,309,11.4591
BRISK,BRIEF,2,1,2952,164,162,1762,19.2353
BRISK,ORB,2,1,2933,136,132,1212,23.4560
BRISK,FREAK,2,1,2472,147,144,1396,28.2530
BRISK,AKAZE,2,1,2974,132,117,828,10.1418
BRISK,SIFT,2,1,2974,162,156,1544,15.7553
ORB,BRIEF,2,1,500,48,48,378,16.1898
ORB,ORB,2,1,500,46,43,312,12.9522
ORB,FREAK,2,1,175,26,26,82,41.2281
ORB,AKAZE,2,1,500,31,29,135,39.0637
ORB,SIFT,2,1,500,42,41,294,10.0793
AKAZE,BRIEF,2,1,1529,98,98,930,14.9426
AKAZE,ORB,2,1,1526,95,93,867,13.8456
AKAZE,FREAK,2,1,1529,90,89,849,14.0613
AKAZE,AKAZE,2,1,1529,93,90,832,14.8093
AKAZE,SIFT,2,1,1529,97,96,910,14.4330
SIFT,BRIEF,2,1,1635,104,100,722,13.6960
SIFT,ORB,2,1,1619,83,82,490,13.8515
SIFT,FREAK,2,1,1647,83,82,482,14.3847
SIFT,AKAZE,2,1,1824,40,37,181,13.8242
SIFT,SIFT,2,1,1824,83,77,483,14.3531
SHITOMASI,BRIEF,2,1,1621,89,87,547,14.2159
SHITOMASI,ORB,2,1,1598,87,84,544,13.0171
SHITOMASI,FREAK,2,1,1648,65,63,417,14.4081
SHITOMASI,AKAZE,2,1,1820,90,90,587,14.5224
SHITOMASI,SIFT,2,1,1820,90,89,588,12.5227
HARRIS,BRIEF,3,1,610,46,46,29,14.9816
HARRIS,ORB,3,1,606,44,44,32,17.4027
HARRIS,FREAK,3,1,614,38,36,29,nan
HARRIS,AKAZE,3,1,630,48,48,32,15.6971
HARRIS,SIFT,3,1,630,47,47,32,14.3715
FAST,BRIEF,3,1,922,66,65,359,22.7505
FAST,ORB,3,1,917,62,62,319,18.6584
FAST,FREAK,3,1,932,50,46,216,14.8421
FAST,AKAZE,3,1,983,68,68,415,41.8762
FAST,SIFT,3,1,983,66,66,398,40.1640
BRISK,BRIEF,3,1,2923,198,196,2462,12.6042
BRISK,ORB,3,1,2909,170,167,1899,12.5959
BRISK,FREAK,3,1,2466,169,167,1700,16.1271
BRISK,AKAZE,3,1,2953,164,153,1516,20.4993
BRISK,SIFT,3,1,2953,208,201,2560,15.7003
ORB,BRIEF,3,1,500,70,70,622,36.2433
ORB,ORB,3,1,500,66,65,589,23.4270
ORB,FREAK,3,1,173,40,39,115,25.0034
ORB,AKAZE,3,1,500,56,49,266,12.2480
ORB,SIFT,3,1,500,63,62,509,18.5308
AKAZE,BRIEF,3,1,1561,110,110,1201,13.4652
AKAZE,ORB,3,1,1559,107,104,1116,13.5123
AKAZE,FREAK,3,1,1561,104,101,1036,14.5662
AKAZE,AKAZE,3,1,1561,105,105,1165,12.7997
AKAZE,SIFT,3,1,1561,109,109,1193,13.0973
SIFT,BRIEF,3,1,1660,121,116,837,13.3761
SIFT,ORB,3,1,1646,100,97,658,13.2419
SIFT,FREAK,3,1,1668,102,97,704,12.6764
SIFT,AKAZE,3,1,1837,45,43,252,12.5526
SIFT,SIFT,3,1,1837,99,92,626,13.1597
SHITOMASI,BRIEF,3,1,1652,94,94,563,13.5261
SHITOMASI,ORB,3,1,1628,87,83,387,14.9052
SHITOMASI,FREAK,3,1,1685,67,62,292,13.7509
SHITOMASI,AKAZE,3,1,1850,97,97,612,13.8394
SHITOMASI,SIFT,3,1,1850,94,94,528,13.9841
HARRIS,BRIEF,4,1,993,57,57,57,86.2608
HARRIS,ORB,4,1,990,57,57,58,14.4179
HARRIS,FREAK,4,1,1007,56,56,58,82.6680
HARRIS,AKAZE,4,1,1039,57,57,57,14.2708
HARRIS,SIFT,4,1,1039,60,60,57,14.3255
FAST,BRIEF,4,1,939,62,62,358,13.8186
FAST,ORB,4,1,936,63,62,339,14.0808
FAST,FREAK,4,1,951,47,45,192,12.8942
FAST,AKAZE,4,1,1004,66,66,373,14.4076
FAST,SIFT,4,1,1004,67,67,373,14.4076
BRISK,BRIEF,4,1,2826,191,190,2428,20.7951
BRISK,ORB,4,1,2811,155,152,1625,15.6810
BRISK,FREAK,4,1,2393,148,145,1495,15.5422
BRISK,AKAZE,4,1,2855,143,130,1089,14.6750
BRISK,SIFT,4,1,2855,185,179,2116,19.5755
ORB,BRIEF,4,1,500,63,63,507,20.2057
ORB,ORB,4,1,500,57,57,481,14.4451
ORB,FREAK,4,1,162,34,34,66,11.3250
ORB,AKAZE,4,1,500,45,36,196,nan
ORB,SIFT,4,1,500,59,53,365,nan
AKAZE,BRIEF,4,1,1545,105,105,1024,15.9349
AKAZE,ORB,4,1,1540,100,100,911,16.0635
AKAZE,FREAK,4,1,1545,98,95,916,16.0630
AKAZE,AKAZE,4,1,1545,98,97,905,15.6636
AKAZE,SIFT,4,1,1545,103,103,970,14.8058
SIFT,BRIEF,4,1,1655,111,110,901,16.8361
SIFT,ORB,4,1,1633,90,88,645,17.4042
SIFT,FREAK,4,1,1659,95,91,652,17.1442
SIFT,AKAZE,4,1,1828,39,38,193,16.1056
SIFT,SIFT,4,1,1828,96,86,650,16.8361
SHITOMASI,BRIEF,4,1,1621,84,84,458,12.9702
SHITOMASI,ORB,4,1,1603,83,83,436,13.0220
SHITOMASI,FREAK,4,1,1649,67,66,311,13.8255
SHITOMASI,AKAZE,4,1,1828,84,84,444,12.9702
SHITOMASI,SIFT,4,1,1828,83,83,428,13.0160
HARRIS,BRIEF,5,1,946,83,83,162,13.3530
HARRIS,ORB,5,1,941,83,83,161,13.2483
HARRIS,FREAK,5,1,950,75,72,132,14.5356
HARRIS,AKAZE,5,1,996,83,83,162,13.1921
HARRIS,SIFT,5,1,996,82,82,160,13.3154
FAST,BRIEF,5,1,911,57,56,299,nan
FAST,ORB,5,1,903,55,55,284,nan
FAST,FREAK,5,1,922,43,40,149,45.2203
FAST,AKAZE,5,1,972,59,59,309,nan
FAST,SIFT,5,1,972,59,59,308,nan
BRISK,BRIEF,5,1,2874,166,162,1590,25.6255
BRISK,ORB,5,1,2853,145,143,1415,21.5683
BRISK,FREAK,5,1,2450,136,135,1206,22.8587
BRISK,AKAZE,5,1,2906,134,118,853,21.5279
BRISK,SIFT,5,1,2906,165,159,1550,24.0156
ORB,BRIEF,5,1,500,61,61,504,26.1552
ORB,ORB,5,1,500,58,57,444,33.0269
ORB,FREAK,5,1,173,33,33,80,47.9185
ORB,AKAZE,5,1,500,44,38,182,nan
ORB,SIFT,5,1,500,56,54,404,31.6008
AKAZE,BRIEF,5,1,1526,104,103,1006,15.8694
AKAZE,ORB,5,1,1522,97,97,942,15.3935
AKAZE,FREAK,5,1,1526,98,97,966,15.1373
AKAZE,AKAZE,5,1,1526,93,91,854,15.6563
AKAZE,SIFT,5,1,1526,101,101,995,16.1894
SIFT,BRIEF,5,1,1686,102,100,575,13.9506
SIFT,ORB,5,1,1661,82,81,441,14.0268
SIFT,FREAK,5,1,1686,85,85,394,13.0899
SIFT,AKAZE,5,1,1877,32,31,137,15.3657
SIFT,SIFT,5,1,1877,84,81,402,13.5416
SHITOMASI,BRIEF,5,1,1582,89,87,501,13.5599
SHITOMASI,ORB,5,1,1569,84,84,435,12.9056
SHITOMASI,FREAK,5,1,1614,72,70,371,12.9810
SHITOMASI,AKAZE,5,1,1806,90,89,549,12.7024
SHITOMASI,SIFT,5,1,1806,90,90,543,12.3506
HARRIS,BRIEF,6,1,1054,80,80,168,13.3491
HARRIS,ORB,6,1,1049,79,79,160,13.0726
HARRIS,FREAK,6,1,1067,74,72,147,12.7284
HARRIS,AKAZE,6,1,1108,81,81,174,13.6986
HARRIS,SIFT,6,1,1108,81,81,176,12.9226
FAST,BRIEF,6,1,915,54,54,281,12.4514
FAST,ORB,6,1,903,52,52,266,13.0089
FAST,FREAK,6,1,925,42,39,175,13.8326
FAST,AKAZE,6,1,972,56,56,297,12.9934
FAST,SIFT,6,1,972,55,55,292,12.8780
BRISK,BRIEF,6,1,2856,160,160,1818,19.6221
BRISK,ORB,6,1,2829,136,133,1212,18.5527
BRISK,FREAK,6,1,2427,141,139,1283,16.1079
BRISK,AKAZE,6,1,2886,138,122,1047,18.8188
BRISK,SIFT,6,1,2886,155,151,1636,16.6205
ORB,BRIEF,6,1,500,67,67,602,14.2972
ORB,ORB,6,1,500,61,59,525,11.9418
ORB,FREAK,6,1,179,39,39,127,19.8900
ORB,AKAZE,6,1,500,50,42,237,10.8056
ORB,SIFT,6,1,500,64,57,484,19.2621
AKAZE,BRIEF,6,1,1566,105,105,1055,14.2409
AKAZE,ORB,6,1,1558,99,99,957,14.3117
AKAZE,FREAK,6,1,1566,94,92,867,13.7623
AKAZE,AKAZE,6,1,1566,96,95,923,13.7241
AKAZE,SIFT,6,1,1566,101,100,974,13.9585
SIFT,BRIEF,6,1,1707,105,102,481,10.6085
SIFT,ORB,6,1,1681,95,91,390,10.9288
SIFT,FREAK,6,1,1723,90,87,302,10.6881
SIFT,AKAZE,6,1,1931,37,35,134,10.5745
SIFT,SIFT,6,1,1931,92,88,390,10.9651
SHITOMASI,BRIEF,6,1,1609,87,87,559,13.4900
SHITOMASI,ORB,6,1,1585,82,82,455,13.9909
SHITOMASI,FREAK,6,1,1649,70,67,362,14.6183
SHITOMASI,AKAZE,6,1,1877,88,88,576,13.2206
SHITOMASI,SIFT,6,1,1877,87,87,553,14.1323
HARRIS,BRIEF,7,1,1212,89,88,273,13.6852
HARRIS,ORB,7,1,1201,88,88,273,13.4445
HARRIS,FREAK,7,1,1225,80,79,236,14.6438
HARRIS,AKAZE,7,1,1263,88,88,272,15.8156
HARRIS,SIFT,7,1,1263,88,88,273,13.4692
FAST,BRIEF,7,1,918,52,52,279,17.5012
FAST,ORB,7,1,908,51,51,257,36.7195
FAST,FREAK,7,1,930,39,38,128,16.3457
FAST,AKAZE,7,1,977,54,54,309,14.5418
FAST,SIFT,7,1,977,54,54,309,15.8003
BRISK,BRIEF,7,1,2849,165,164,1804,17.8042
BRISK,ORB,7,1,2832,144,143,1418,16.8170
BRISK,FREAK,7,1,2415,142,138,1015,15.2955
BRISK,AKAZE,7,1,2886,132,118,792,16.4769
BRISK,SIFT,7,1,2886,159,155,1552,19.0653
ORB,BRIEF,7,1,500,62,62,570,16.7181
ORB,ORB,7,1,500,59,57,472,16.4315
ORB,FREAK,7,1,174,28,27,51,nan
ORB,AKAZE,7,1,500,41,35,135,13.1649
ORB,SIFT,7,1,500,54,52,380,16.1392
AKAZE,BRIEF,7,1,1529,108,108,1245,16.5494
AKAZE,ORB,7,1,1527,103,102,1086,17.6110
AKAZE,FREAK,7,1,1529,100,99,1101,16.4049
AKAZE,AKAZE,7,1,1529,102,100,1094,16.2679
AKAZE,SIFT,7,1,1529,105,104,1072,16.3024
SIFT,BRIEF,7,1,1740,115,115,841,12.4716
SIFT,ORB,7,1,1708,100,96,623,12.8497
SIFT,FREAK,7,1,1744,93,90,567,12.8176
SIFT,AKAZE,7,1,1963,40,38,177,14.4604
SIFT,SIFT,7,1,1963,103,96,629,13.0749
SHITOMASI,BRIEF,7,1,1622,91,90,657,11.7682
SHITOMASI,ORB,7,1,1604,85,85,541,11.3991
SHITOMASI,FREAK,7,1,1661,80,77,458,11.1125
SHITOMASI,AKAZE,7,1,1894,90,90,642,12.7547
SHITOMASI,SIFT,7,1,1894,90,90,625,11.6995
HARRIS,BRIEF,8,1,704,88,88,188,39.2535
HARRIS,ORB,8,1,701,87,86,162,37.2635
HARRIS,FREAK,8,1,714,76,75,130,38.4683
HARRIS,AKAZE,8,1,727,91,91,275,42.2339
HARRIS,SIFT,8,1,727,91,91,250,73.6443
FAST,BRIEF,8,1,917,59,59,357,13.3065
FAST,ORB,8,1,911,57,57,318,12.4097
FAST,FREAK,8,1,927,46,42,204,12.3671
FAST,AKAZE,8,1,977,59,59,357,13.3065
FAST,SIFT,8,1,977,59,59,357,13.3065
BRISK,BRIEF,8,1,2868,157,157,1878,16.2986
BRISK,ORB,8,1,2854,142,139,1479,15.9635
BRISK,FREAK,8,1,2403,133,129,1072,17.3624
BRISK,AKAZE,8,1,2893,130,114,934,19.7746
BRISK,SIFT,8,1,2893,152,149,1523,16.5978
ORB,BRIEF,8,1,500,54,54,352,18.8044
ORB,ORB,8,1,500,54,53,371,12.2470
ORB,FREAK,8,1,187,26,26,37,10.0855
ORB,AKAZE,8,1,500,36,31,110,10.8519
ORB,SIFT,8,1,500,47,45,246,8.5433
AKAZE,BRIEF,8,1,1547,115,115,1266,13.9141
AKAZE,ORB,8,1,1541,107,104,1134,14.0399
AKAZE,FREAK,8,1,1547,103,102,1110,13.8654
AKAZE,AKAZE,8,1,1547,109,105,1173,14.8163
AKAZE,SIFT,8,1,1547,110,108,1165,13.9180
SIFT,BRIEF,8,1,1731,122,121,1028,12.5371
SIFT,ORB,8,1,1710,104,98,766,12.8737
SIFT,FREAK,8,1,1743,97,96,713,12.4897
SIFT,AKAZE,8,1,1954,46,44,231,10.3481
SIFT,SIFT,8,1,1954,96,93,635,13.2206
SHITOMASI,BRIEF,8,1,1621,95,95,688,13.4037
SHITOMASI,ORB,8,1,1602,93,91,663,13.7560
SHITOMASI,FREAK,8,1,1658,76,76,481,13.8636
SHITOMASI,AKAZE,8,1,1889,95,95,694,13.3032
SHITOMASI,SIFT,8,1,1889,96,96,716,14.1113
HARRIS,BRIEF,9,1,373,62,61,34,13.0961
HARRIS,ORB,9,1,373,62,62,33,15.3385
HARRIS,FREAK,9,1,374,57,53,27,13.1502
HARRIS,AKAZE,9,1,378,62,61,34,17.6941
HARRIS,SIFT,9,1,378,63,63,37,15.3385
FAST,BRIEF,9,1,888,55,55,379,12.8545
FAST,ORB,9,1,883,55,55,374,12.8628
FAST,FREAK,9,1,897,48,45,255,12.9494
FAST,AKAZE,9,1,954,56,56,392,13.2606
FAST,SIFT,9,1,954,56,56,389,12.9494
BRISK,BRIEF,9,1,2904,174,174,2071,16.5577
BRISK,ORB,9,1,2888,153,152,1575,15.1317
BRISK,FREAK,9,1,2432,150,148,1471,19.1380
BRISK,AKAZE,9,1,2930,146,135,1262,17.9902
BRISK,SIFT,9,1,2930,171,169,2096,16.9983
ORB,BRIEF,9,1,500,53,53,406,12.8522
ORB,ORB,9,1,500,50,48,357,12.5823
ORB,FREAK,9,1,186,24,24,34,26.0522
ORB,AKAZE,9,1,500,31,29,102,9.2040
ORB,SIFT,9,1,500,42,41,253,13.0754
AKAZE,BRIEF,9,1,1572,118,118,1474,13.8663
AKAZE,ORB,9,1,1567,110,110,1183,13.2956
AKAZE,FREAK,9,1,1572,108,106,1201,13.1753
AKAZE,AKAZE,9,1,1572,111,110,1284,13.8573
AKAZE,SIFT,9,1,1572,117,117,1402,14.1834
SIFT,BRIEF,9,1,1750,119,115,743,12.7265
SIFT,ORB,9,1,1720,101,99,596,12.2073
SIFT,FREAK,9,1,1761,100,98,545,12.7663
SIFT,AKAZE,9,1,1984,43,40,195,12.5392
SIFT,SIFT,9,1,1984,101,97,556,12.6757
SHITOMASI,BRIEF,9,1,1654,94,92,658,12.3718
SHITOMASI,ORB,9,1,1634,90,86,598,12.4906
SHITOMASI,FREAK,9,1,1689,75,73,458,12.5040
SHITOMASI,AKAZE,9,1,1917,96,96,689,12.3409
SHITOMASI,SIFT,9,1,1917,93,91,652,12.4139
HARRIS,BRIEF,10,1,1092,34,34,21,13.2186
HARRIS,ORB,10,1,1092,34,34,21,12.8711
HARRIS,FREAK,10,1,1094,32,32,21,nan
HARRIS,AKAZE,10,1,1119,34,34,21,22.5986
HARRIS,SIFT,10,1,1119,34,34,21,12.1403
FAST,BRIEF,10,1,927,54,52,304,14.1092
FAST,ORB,10,1,919,53,52,304,14.1092
FAST,FREAK,10,1,935,44,43,242,13.3820
FAST,AKAZE,10,1,982,57,57,399,20.8002
FAST,SIFT,10,1,982,56,55,396,25.0582
BRISK,BRIEF,10,1,2988,167,165,1796,15.3221
BRISK,ORB,10,1,2973,146,144,1478,12.8151
BRISK,FREAK,10,1,2485,144,144,1380,12.3424
BRISK,AKAZE,10,1,3022,140,120,1054,12.1551
BRISK,SIFT,10,1,3022,165,165,1734,11.6520
ORB,BRIEF,10,1,500,43,42,257,10.8171
ORB,ORB,10,1,500,42,42,289,11.2750
ORB,FREAK,10,1,190,20,18,22,23.3467
ORB,AKAZE,10,1,500,42,26,109,9.7913
ORB,SIFT,10,1,500,46,37,209,10.0065
AKAZE,BRIEF,10,1,1567,116,116,1523,12.1010
AKAZE,ORB,10,1,1562,113,112,1455,12.2355
AKAZE,FREAK,10,1,1567,110,109,1448,11.7818
AKAZE,AKAZE,10,1,1567,113,112,1528,12.2037
AKAZE,SIFT,10,1,1567,117,116,1530,12.1036
SIFT,BRIEF,10,1,1775,104,100,558,11.5465
SIFT,ORB,10,1,1746,85,81,469,11.3617
SIFT,FREAK,10,1,1782,82,80,444,11.4333
SIFT,AKAZE,10,1,2043,34,34,152,11.6949
SIFT,SIFT,10,1,2043,83,79,463,11.2414
SHITOMASI,BRIEF,10,1,1608,90,90,652,13.0164
SHITOMASI,ORB,10,1,1581,86,85,588,13.5885
SHITOMASI,FREAK,10,1,1643,68,66,445,13.0137
SHITOMASI,AKAZE,10,1,1874,91,90,631,13.0553
SHITOMASI,SIFT,10,1,1874,90,90,619,13.2947
HARRIS,BRIEF,11,1,481,76,71,122,10.9716
HARRIS,ORB,11,1,479,68,67,90,11.0379
HARRIS,FREAK,11,1,481,58,50,71,11.1055
HARRIS,AKAZE,11,1,496,76,72,123,10.9721
HARRIS,SIFT,11,1,496,72,72,123,5.9845
FAST,BRIEF,11,1,903,53,52,347,13.2068
FAST,ORB,11,1,894,52,52,347,13.3597
FAST,FREAK,11,1,918,43,40,250,13.8848
FAST,AKAZE,11,1,955,55,55,393,26.3583
FAST,SIFT,11,1,955,55,55,394,13.5011
BRISK,BRIEF,11,1,2977,166,166,2126,11.3157
BRISK,ORB,11,1,2955,149,147,1776,12.7628
BRISK,FREAK,11,1,2443,141,141,1652,12.4724
BRISK,AKAZE,11,1,3013,140,131,1308,12.4274
BRISK,SIFT,11,1,3013,162,157,1974,11.3157
ORB,BRIEF,11,1,500,42,42,255,11.8335
ORB,ORB,11,1,500,42,42,255,9.0058
ORB,FREAK,11,1,192,17,17,17,7.2004
ORB,AKAZE,11,1,500,27,25,69,7.3999
ORB,SIFT,11,1,500,35,35,171,9.7446
AKAZE,BRIEF,11,1,1538,118,118,1599,13.4676
AKAZE,ORB,11,1,1529,106,104,1206,13.2494
AKAZE,FREAK,11,1,1538,106,105,1270,12.2806
AKAZE,AKAZE,11,1,1538,105,104,1332,12.9661
AKAZE,SIFT,11,1,1538,112,109,1327,12.9617
SIFT,BRIEF,11,1,1848,99,99,778,11.0561
SIFT,ORB,11,1,1817,88,86,571,11.2626
SIFT,FREAK,11,1,1856,82,82,608,11.1917
SIFT,AKAZE,11,1,2065,37,36,155,11.8094
SIFT,SIFT,11,1,2065,88,85,577,11.2389
SHITOMASI,BRIEF,11,1,1657,88,86,543,11.7539
SHITOMASI,ORB,11,1,1630,84,82,470,11.3888
SHITOMASI,FREAK,11,1,1693,71,64,369,11.5524
SHITOMASI,AKAZE,11,1,1912,87,87,533,11.7502
SHITOMASI,SIFT,11,1,1912,87,86,543,11.7539
HARRIS,BRIEF,12,1,606,39,39,39,12.1722
HARRIS,ORB,12,1,605,39,39,39,nan
HARRIS,FREAK,12,1,606,38,37,39,12.1119
HARRIS,AKAZE,12,1,621,39,39,39,12.0753
HARRIS,SIFT,12,1,621,39,39,39,6.6571
FAST,BRIEF,12,1,907,55,55,419,12.8498
FAST,ORB,12,1,897,54,54,403,12.3725
FAST,FREAK,12,1,921,48,44,301,12.6641
FAST,AKAZE,12,1,979,58,58,454,12.6094
FAST,SIFT,12,1,979,57,57,432,13.5211
BRISK,BRIEF,12,1,2906,180,180,2739,19.8053
BRISK,ORB,12,1,2883,156,155,2019,12.5849
BRISK,FREAK,12,1,2398,156,154,1902,13.7019
BRISK,AKAZE,12,1,2949,147,132,1456,22.7440
BRISK,SIFT,12,1,2949,181,174,2528,13.1058
ORB,BRIEF,12,1,500,43,43,250,13.1253
ORB,ORB,12,1,500,45,45,280,11.7110
ORB,FREAK,12,1,186,21,21,30,nan
ORB,AKAZE,12,1,500,31,29,81,nan
ORB,SIFT,12,1,500,40,38,191,51.3299
AKAZE,BRIEF,12,1,1513,109,109,1477,12.2011
AKAZE,ORB,12,1,1510,103,100,1257,12.2761
AKAZE,FREAK,12,1,1513,101,99,1252,10.9960
AKAZE,AKAZE,12,1,1513,103,102,1365,11.9226
AKAZE,SIFT,12,1,1513,109,107,1457,12.2864
SIFT,BRIEF,12,1,1779,116,113,908,9.1609
SIFT,ORB,12,1,1754,92,91,632,10.3254
SIFT,FREAK,12,1,1790,87,83,491,9.8130
SIFT,AKAZE,12,1,2007,40,38,174,11.1046
SIFT,SIFT,12,1,2007,95,85,595,10.2283
SHITOMASI,BRIEF,12,1,1654,93,92,712,12.0296
SHITOMASI,ORB,12,1,1630,85,85,595,11.8135
SHITOMASI,FREAK,12,1,1700,79,77,539,12.0631
SHITOMASI,AKAZE,12,1,1930,93,93,712,11.8354
SHITOMASI,SIFT,12,1,1930,90,90,646,11.9319
HARRIS,BRIEF,13,1,667,52,52,59,12.0414
HARRIS,ORB,13,1,666,52,52,59,12.0414
HARRIS,FREAK,13,1,667,50,48,47,12.3050
HARRIS,AKAZE,13,1,672,52,52,59,12.1195
HARRIS,SIFT,13,1,672,52,52,59,11.7931
FAST,BRIEF,13,1,945,62,62,532,11.5489
FAST,ORB,13,1,932,62,61,531,11.5424
FAST,FREAK,13,1,956,53,52,413,11.2720
FAST,AKAZE,13,1,1010,64,64,566,11.5217
FAST,SIFT,13,1,1010,65,65,579,11.5554
BRISK,BRIEF,13,1,2970,172,172,2595,13.7960
BRISK,ORB,13,1,2942,154,148,1843,11.6610
BRISK,FREAK,13,1,2434,154,151,1887,13.3165
BRISK,AKAZE,13,1,3012,139,130,1391,11.8672
BRISK,SIFT,13,1,3012,174,170,2491,11.9426
ORB,BRIEF,13,1,500,45,45,234,8.8664
ORB,ORB,13,1,500,44,44,234,11.0890
ORB,FREAK,13,1,183,23,23,38,6.5780
ORB,AKAZE,13,1,500,34,33,108,5.3017
ORB,SIFT,13,1,500,41,40,190,7.3129
AKAZE,BRIEF,13,1,1538,112,112,1543,10.3195
AKAZE,ORB,13,1,1532,105,105,1407,10.8738
AKAZE,FREAK,13,1,1538,109,107,1467,10.8239
AKAZE,AKAZE,13,1,1538,108,107,1516,10.4357
AKAZE,SIFT,13,1,1538,112,112,1593,10.8530
SIFT,BRIEF,13,1,1807,105,102,732,8.8927
SIFT,ORB,13,1,1782,93,90,607,8.7115
SIFT,FREAK,13,1,1822,90,88,500,8.4951
SIFT,AKAZE,13,1,2030,34,31,115,9.4480
SIFT,SIFT,13,1,2030,94,89,556,8.7606
SHITOMASI,BRIEF,13,1,1634,90,90,583,11.7077
SHITOMASI,ORB,13,1,1612,89,88,562,11.7799
SHITOMASI,FREAK,13,1,1678,75,75,495,11.9459
SHITOMASI,AKAZE,13,1,1881,93,93,596,11.7254
SHITOMASI,SIFT,13,1,1881,91,90,583,11.7077
HARRIS,BRIEF,14,1,458,49,48,35,9.5605
HARRIS,ORB,14,1,454,48,46,26,11.6940
HARRIS,FREAK,14,1,463,43,42,24,11.9160
HARRIS,AKAZE,14,1,463,48,47,35,11.7931
HARRIS,SIFT,14,1,463,48,48,43,11.2961
FAST,BRIEF,14,1,899,60,60,537,11.8009
FAST,ORB,14,1,885,59,58,488,11.4888
FAST,FREAK,14,1,912,46,46,309,12.2391
FAST,AKAZE,14,1,972,62,62,573,12.1033
FAST,SIFT,14,1,972,60,60,537,12.2766
BRISK,BRIEF,14,1,2987,180,180,3225,11.9123
BRISK,ORB,14,1,2958,156,154,2203,13.6755
BRISK,FREAK,14,1,2446,147,146,1893,13.8549
BRISK,AKAZE,14,1,3026,151,137,1802,13.0552
BRISK,SIFT,14,1,3026,180,175,2986,13.4023
ORB,BRIEF,14,1,500,48,48,269,7.4173
ORB,ORB,14,1,500,48,48,269,7.9535
ORB,FREAK,14,1,192,23,23,28,54.2226
ORB,AKAZE,14,1,500,33,32,84,8.8953
ORB,SIFT,14,1,500,43,42,189,12.8361
AKAZE,BRIEF,14,1,1555,118,118,1786,9.4647
AKAZE,ORB,14,1,1547,115,114,1642,9.9871
AKAZE,FREAK,14,1,1555,115,112,1617,9.5346
AKAZE,AKAZE,14,1,1555,116,112,1582,9.9671
AKAZE,SIFT,14,1,1555,116,116,1634,10.0785
SIFT,BRIEF,14,1,1815,108,107,723,8.5405
SIFT,ORB,14,1,1786,92,90,500,9.0699
SIFT,FREAK,14,1,1834,91,91,507,8.9830
SIFT,AKAZE,14,1,2048,34,31,117,8.5422
SIFT,SIFT,14,1,2048,92,90,484,9.1767
SHITOMASI,BRIEF,14,1,1640,97,96,798,11.9443
SHITOMASI,ORB,14,1,1609,89,87,642,12.1280
SHITOMASI,FREAK,14,1,1682,75,75,519,12.4289
SHITOMASI,AKAZE,14,1,1886,95,95,772,12.6567
SHITOMASI,SIFT,14,1,1886,96,96,791,13.1719
HARRIS,BRIEF,15,1,1137,44,44,25,11.6948
HARRIS,ORB,15,1,1123,44,44,25,11.6948
HARRIS,FREAK,15,1,1141,42,40,24,11.7573
HARRIS,AKAZE,15,1,1168,45,45,35,11.1055
HARRIS,SIFT,15,1,1168,45,45,35,11.2036
FAST,BRIEF,15,1,904,63,63,543,12.1010
FAST,ORB,15,1,890,60,60,480,11.7063
FAST,FREAK,15,1,915,53,51,351,12.2033
FAST,AKAZE,15,1,971,64,64,566,11.8569
FAST,SIFT,15,1,971,64,64,563,11.8675
BRISK,BRIEF,15,1,3024,199,199,4513,11.3066
BRISK,ORB,15,1,2998,180,178,3715,11.8305
BRISK,FREAK,15,1,2497,162,159,2741,13.4952
BRISK,AKAZE,15,1,3074,161,146,2310,15.1858
BRISK,SIFT,15,1,3074,199,198,4315,15.4283
ORB,BRIEF,15,1,500,50,50,234,10.2706
ORB,ORB,15,1,500,48,48,206,10.8881
ORB,FREAK,15,1,186,25,25,16,8.5900
ORB,AKAZE,15,1,500,43,37,79,8.7309
ORB,SIFT,15,1,500,49,45,176,63.7824
AKAZE,BRIEF,15,1,1544,121,121,1880,9.0523
AKAZE,ORB,15,1,1534,113,112,1635,9.1507
AKAZE,FREAK,15,1,1544,115,112,1557,9.1694
AKAZE,AKAZE,15,1,1544,110,107,1392,10.1669
AKAZE,SIFT,15,1,1544,116,115,1699,9.5985
SIFT,BRIEF,15,1,1829,110,108,851,8.9427
SIFT,ORB,15,1,1793,101,95,688,9.3297
SIFT,FREAK,15,1,1856,84,81,504,8.8494
SIFT,AKAZE,15,1,2044,29,28,83,10.4683
SIFT,SIFT,15,1,2044,94,91,680,9.3003
SHITOMASI,BRIEF,15,1,1707,88,88,705,11.7063
SHITOMASI,ORB,15,1,1676,85,84,648,10.6930
SHITOMASI,FREAK,15,1,1747,72,71,555,10.4901
SHITOMASI,AKAZE,15,1,1957,89,89,730,11.0903
SHITOMASI,SIFT,15,1,1957,92,91,823,11.4605
HARRIS,BRIEF,16,1,847,70,70,196,10.1347
HARRIS,ORB,16,1,842,69,69,186,9.5436
HARRIS,FREAK,16,1,857,61,59,154,9.6869
HARRIS,AKAZE,16,1,878,71,71,218,11.2833
HARRIS,SIFT,16,1,878,71,71,218,10.1347
FAST,BRIEF,16,1,953,57,56,406,11.7281
FAST,ORB,16,1,939,57,57,417,11.6181
FAST,FREAK,16,1,967,43,42,227,11.3220
FAST,AKAZE,16,1,1035,61,61,507,9.6869
FAST,SIFT,16,1,1035,61,61,507,9.7670
BRISK,BRIEF,16,1,3081,195,193,4075,11.0342
BRISK,ORB,16,1,3051,169,164,3036,9.7861
BRISK,FREAK,16,1,2564,162,156,2442,9.6479
BRISK,AKAZE,16,1,3131,161,143,2314,9.9002
BRISK,SIFT,16,1,3131,193,189,3960,9.2961
ORB,BRIEF,16,1,500,50,50,295,12.2523
ORB,ORB,16,1,500,50,50,295,8.4161
ORB,FREAK,16,1,185,25,25,29,9.6657
ORB,AKAZE,16,1,500,34,32,63,6.9333
ORB,SIFT,16,1,500,47,46,216,8.2465
AKAZE,BRIEF,16,1,1563,123,122,2058,10.1595
AKAZE,ORB,16,1,1553,116,115,1809,9.8541
AKAZE,FREAK,16,1,1563,115,111,1714,9.4508
AKAZE,AKAZE,16,1,1563,119,118,1918,9.7041
AKAZE,SIFT,16,1,1563,123,122,1858,10.0493
SIFT,BRIEF,16,1,1854,109,109,886,8.9801
SIFT,ORB,16,1,1815,94,92,657,9.0688
SIFT,FREAK,16,1,1878,92,92,645,8.8699
SIFT,AKAZE,16,1,2090,36,33,122,9.3503
SIFT,SIFT,16,1,2090,97,89,639,9.1350
SHITOMASI,BRIEF,16,1,1646,95,95,815,8.4166
SHITOMASI,ORB,16,1,1619,94,92,824,8.3758
SHITOMASI,FREAK,16,1,1682,80,76,567,10.3470
SHITOMASI,AKAZE,16,1,1888,104,103,989,9.4070
SHITOMASI,SIFT,16,1,1888,96,96,832,8.1612
HARRIS,BRIEF,17,1,348,51,48,30,nan
HARRIS,ORB,17,1,347,48,45,0,nan
HARRIS,FREAK,17,1,349,41,40,0,nan
HARRIS,AKAZE,17,1,363,50,48,30,nan
HARRIS,SIFT,17,1,363,49,48,30,nan
FAST,BRIEF,17,1,928,59,58,494,12.4249
FAST,ORB,17,1,919,58,57,477,7.8812
FAST,FREAK,17,1,940,44,44,270,9.9550
FAST,AKAZE,17,1,1018,61,61,533,12.9681
FAST,SIFT,17,1,1018,61,61,533,10.0619
BRISK,BRIEF,17,1,3097,240,239,6895,10.3923
BRISK,ORB,17,1,3076,206,202,4959,9.6230
BRISK,FREAK,17,1,2568,192,187,4055,9.0841
BRISK,AKAZE,17,1,3135,186,165,3232,10.7492
BRISK,SIFT,17,1,3135,235,235,6255,9.9536
ORB,BRIEF,17,1,500,51,51,265,15.9547
ORB,ORB,17,1,500,49,49,225,8.2950
ORB,FREAK,17,1,188,21,20,2,nan
ORB,AKAZE,17,1,500,33,31,62,7.7989
ORB,SIFT,17,1,500,42,41,136,8.4545
AKAZE,BRIEF,17,1,1561,132,132,2393,9.4517
AKAZE,ORB,17,1,1556,127,127,2280,9.2395
AKAZE,FREAK,17,1,1561,122,119,1943,9.3986
AKAZE,AKAZE,17,1,1561,125,120,1982,9.1372
AKAZE,SIFT,17,1,1561,131,131,2334,9.1288
SIFT,BRIEF,17,1,1845,99,98,894,9.1341
SIFT,ORB,17,1,1807,89,86,717,8.7884
SIFT,FREAK,17,1,1862,85,80,600,8.9452
SIFT,AKAZE,17,1,2095,28,28,125,8.6126
SIFT,SIFT,17,1,2095,85,84,689,8.9452
SHITOMASI,BRIEF,17,1,1683,96,95,776,8.9769
SHITOMASI,ORB,17,1,1660,91,91,694,10.3254
SHITOMASI,FREAK,17,1,1716,82,76,527,11.1081
SHITOMASI,AKAZE,17,1,1919,95,95,763,9.5917
SHITOMASI,SIFT,17,1,1919,96,95,811,10.0942
HARRIS,BRIEF,18,1,447,37,37,20,12.1132
HARRIS,ORB,18,1,446,37,36,20,12.1665
HARRIS,FREAK,18,1,450,34,34,20,12.1665
HARRIS,AKAZE,18,1,459,37,37,20,12.2131
HARRIS,SIFT,18,1,459,37,37,20,12.1665
FAST,BRIEF,18,1,920,67,67,710,10.3963
FAST,ORB,18,1,905,63,62,607,8.7648
FAST,FREAK,18,1,940,51,51,369,11.2823
FAST,AKAZE,18,1,1012,67,67,682,11.4749
FAST,SIFT,18,1,1012,68,68,733,10.9211
BRISK,BRIEF,18,1,3100,243,243,7051,9.6997
BRISK,ORB,18,1,3073,206,202,5146,10.7895
BRISK,FREAK,18,1,2585,198,194,4763,11.0702
BRISK,AKAZE,18,1,3146,189,170,3385,11.7043
BRISK,SIFT,18,1,3146,243,238,6719,12.0654
ORB,BRIEF,18,1,500,48,48,186,13.5355
ORB,ORB,18,1,500,46,41,97,17.0851
ORB,FREAK,18,1,174,26,26,6,4.8309
ORB,AKAZE,18,1,500,39,36,56,5.4720
ORB,SIFT,18,1,500,46,45,149,9.4558
AKAZE,BRIEF,18,1,1569,126,126,2037,8.7425
AKAZE,ORB,18,1,1558,115,114,1621,8.6253
AKAZE,FREAK,18,1,1569,116,114,1640,8.7928
AKAZE,AKAZE,18,1,1569,116,116,1649,9.0268
AKAZE,SIFT,18,1,1569,126,126,1909,8.7936
SIFT,BRIEF,18,1,1918,113,112,1106,9.5654
SIFT,ORB,18,1,1874,95,91,754,9.0874
SIFT,FREAK,18,1,1942,98,97,718,9.0852
SIFT,AKAZE,18,1,2160,30,28,129,8.9161
SIFT,SIFT,18,1,2160,94,89,650,8.8186
SHITOMASI,BRIEF,18,1,1767,106,106,1153,9.3397
SHITOMASI,ORB,18,1,1731,102,100,959,9.8726
SHITOMASI,FREAK,18,1,1818,87,86,786,11.0102
SHITOMASI,AKAZE,18,1,2057,108,108,1224,10.3068
SHITOMASI,SIFT,18,1,2057,108,108,1225,10.0692
